<?xml version="1.0" encoding="UTF-8"?>
<rss version="2.0" xmlns:atom="http://www.w3.org/2005/Atom">
  <channel>
    <title>Daniel Romero</title>
    <description>iOS Developer</description>
    <link>http://www.delightfuldev.com/</link>
    <atom:link href="http://www.delightfuldev.com/feed.xml" rel="self" type="application/rss+xml"/>
    <pubDate>Thu, 31 Dec 2015 17:06:55 -0300</pubDate>
    <lastBuildDate>Thu, 31 Dec 2015 17:06:55 -0300</lastBuildDate>
    <generator>Jekyll v3.0.1</generator>
    
      <item>
        <title>Oktoberfest Chile 2014</title>
        <description>&lt;p&gt;&lt;img class=&quot;content__item-img-center animated zoomIn&quot; src=&quot;/images/appolo/oktober-5.png&quot; alt=&quot;Oktoberfest for Mac&quot; /&gt;&lt;/p&gt;

&lt;p class=&quot;content__item-center&quot;&gt;
Oktoberfest Chile 2014 is an App to share contests and promotions , and it is being tested as part of Oktoberfest 2014 , the massive event that brings together prominent craft breweries in Malloco , Chile.
&lt;/p&gt;

&lt;p&gt;[[[[  &lt;img class=&quot;content__item-img-fill-width animated zoomIn&quot; src=&quot;/images/appolo/oktober-1.png&quot; alt=&quot;Oktoberfest for iPhone&quot; /&gt; ]]]]&lt;/p&gt;

&lt;h3 id=&quot;section_title&quot;&gt;How it works.&lt;/h3&gt;
&lt;p&gt;&lt;img class=&quot;content__item-img-center animated zoomIn&quot; src=&quot;/images/appolo/oktober-2.png&quot; alt=&quot;LIVisit the wall to see what the city has to offer.BEAT for iPhone&quot; /&gt;&lt;/p&gt;
&lt;p class=&quot;content__item-center&quot;&gt;
The app “Oktoberfest 2014 Chile” works by sending beats or notifications to mobile devices with a sound that alert the user when an opportunity is available so you can take it. For this, they have a web platform that manages in which you can define certain areas fences or action , where the customers or where activity occurs .
&lt;/p&gt;

&lt;h3 id=&quot;section_title&quot;&gt;Not available anymore&lt;/h3&gt;
</description>
        <pubDate>Sat, 26 Dec 2015 06:32:24 -0300</pubDate>
        <link>http://www.delightfuldev.com/appolo</link>
        <guid isPermaLink="true">http://www.delightfuldev.com/appolo</guid>
        
        
        <category>iphone</category>
        
      </item>
    
      <item>
        <title>LIBEAT</title>
        <description>&lt;p&gt;&lt;img class=&quot;content__item-img-center animated zoomIn&quot; src=&quot;/images/meeru/Libeat-3.png&quot; alt=&quot;Meeru for Mac&quot; /&gt;&lt;/p&gt;

&lt;p class=&quot;content__item-center&quot;&gt;
Libeat, is your companion in the city while receiving opportunities and information in line with your interests. Discover new experiences in the indicated time and place where you are.
&lt;/p&gt;

&lt;h3 id=&quot;section_title&quot;&gt;Promotional video&lt;/h3&gt;

&lt;div class=&quot;video-container&quot;&gt;&lt;iframe width=&quot;80%&quot; max-width=&quot;640px&quot; height=&quot;315&quot; src=&quot;https://www.youtube.com/embed/RSUb7An5ZMQ &quot; frameborder=&quot;0&quot; allowfullscreen=&quot;&quot;&gt;&lt;/iframe&gt;&lt;/div&gt;

&lt;h3 id=&quot;section_title&quot;&gt;How it works.&lt;/h3&gt;
&lt;p&gt;&lt;img class=&quot;content__item-img-center animated zoomIn&quot; src=&quot;/images/meeru/Libeat-2.png&quot; alt=&quot;LIVisit the wall to see what the city has to offer.BEAT for iPhone&quot; /&gt;&lt;/p&gt;
&lt;p class=&quot;content__item-center&quot;&gt;
Choose your interests to receive information and benefits. When you transites through an area where there are surprises , opportunities and activities. Visit the wall to see what the city has to offer.
&lt;/p&gt;

&lt;h3 id=&quot;section_title&quot;&gt;Features&lt;/h3&gt;

&lt;ul class=&quot;meeru_features&quot;&gt;&lt;li&gt;You choose the interests and brands on which you want to receive information. So , you get beats a personalized way.&lt;/li&gt;&lt;li&gt;You do not need to open the application for beats with the information that interests you. Download, choose your interests and let us do the rest !&lt;/li&gt;&lt;li&gt;You get beats with invitations , challenges, contests , discounts , and information at the time and accurate so that you can take advantage of location.&lt;/li&gt;&lt;li&gt;As we know how valuable your battery , we care to make efficient use of the resources of your mobile device.&lt;/li&gt;&lt;/ul&gt;

&lt;h3 id=&quot;section_title&quot;&gt;Download&lt;/h3&gt;

&lt;p&gt;&lt;a href=&quot; https://itunes.apple.com/us/app/libeat/id990222185 &quot;&gt;&lt;img class=&quot;content__item-img-center&quot; src=&quot;/images/app_store.png&quot; /&gt;&lt;/a&gt;&lt;/p&gt;
</description>
        <pubDate>Fri, 25 Dec 2015 06:32:24 -0300</pubDate>
        <link>http://www.delightfuldev.com/meeru</link>
        <guid isPermaLink="true">http://www.delightfuldev.com/meeru</guid>
        
        
        <category>iphone</category>
        
      </item>
    
      <item>
        <title>El Sapo (604)</title>
        <description>&lt;p&gt;&lt;img class=&quot;content__item-img-center animated zoomIn&quot; src=&quot;/images/deep/ElSapo-1.png&quot; alt=&quot;El Sapo for iPhone&quot; /&gt;&lt;/p&gt;

&lt;p class=&quot;content__item-center&quot;&gt;
Introducing “El Sapo” for iPhone. Would you like to know how much longer will this mythical bus pass near to you? Then “El Sapo” is the mobile application for you. Download this app and you know the approximate time it will spend 604 bus whereabouts the closest to your position.

Featuring an easy-to-use gesture-based navigation, Deep has been designed to help you quickly know the approximate time of the 604 bus. You can never go wrong with the real time information from, carefully notify from other users.
&lt;/p&gt;

&lt;h3 id=&quot;section_title&quot;&gt;Share the last position of the 604 bus.&lt;/h3&gt;
&lt;p&gt;&lt;img class=&quot;content__item-img-center animated zoomIn&quot; src=&quot;/images/deep/ElSapo-2.png&quot; alt=&quot;El Sapo for iPhone&quot; /&gt;&lt;/p&gt;
&lt;p class=&quot;content__item-center&quot;&gt;
Share in real time the position of the 604 bus to other users.
&lt;/p&gt;

&lt;p&gt;[[[[  &lt;img class=&quot;content__item-img-fill-width animated zoomIn&quot; src=&quot;/images/deep/ElSapo-3.jpeg&quot; alt=&quot;El Sapo for iPhone&quot; /&gt; ]]]]&lt;/p&gt;

&lt;h3 id=&quot;section_title&quot;&gt;El Sapo was born in the 2013 TuApp Challenge.&lt;/h3&gt;
&lt;p&gt;&lt;img class=&quot;content__item-img-center animated zoomIn&quot; src=&quot;/images/deep/ElSapo-4.png&quot; alt=&quot;Deep for iPhone&quot; /&gt;&lt;/p&gt;
&lt;p class=&quot;content__item-center&quot;&gt;
It uses statistical analysis and machine learning techniques to predict when a given bus from line 604 will pass by a bus stop, since in Viña del Mar there is not a centralized data system on public transportation. The actual version was launched in Google’s Play Store first. We currently have near 1000 downloads and around 800 active users. A couple of weeks later, we released the iOS version, with 560 users to this day.
&lt;/p&gt;

&lt;h3 id=&quot;section_title&quot;&gt;Download&lt;/h3&gt;

&lt;p&gt;&lt;a href=&quot; https://itunes.apple.com/us/app/el-sapo-604/id893059973?l=es&amp;amp;ls=1&amp;amp;mt=8 &quot;&gt;&lt;img class=&quot;content__item-img-center&quot; src=&quot;/images/app_store.png&quot; /&gt;&lt;/a&gt;&lt;/p&gt;
</description>
        <pubDate>Sun, 20 Dec 2015 09:32:24 -0300</pubDate>
        <link>http://www.delightfuldev.com/deep</link>
        <guid isPermaLink="true">http://www.delightfuldev.com/deep</guid>
        
        
        <category>iphone</category>
        
      </item>
    
  </channel>
</rss>
